Date,Open,High,Low,Close,Adj Close,Volume
24/4/2020,172.0599976,174.5599976,170.7100067,174.5500031,169.7328186,34277600
27/4/2020,176.5899963,176.8999939,173.3000031,174.0500031,169.2466125,33194400
28/4/2020,175.5899963,175.6699982,169.3899994,169.8099976,165.1236267,34392700
29/4/2020,173.2200012,177.6799927,171.8800049,177.4299927,172.5333099,51286600
30/4/2020,180,180.3999939,176.2299957,179.2100067,174.2642212,53875900
1/5/2020,175.8000031,178.6399994,174.0099945,174.5700073,169.7522736,39370500
4/5/2020,174.4900055,179,173.8000031,178.8399963,173.9044342,30372900
5/5/2020,180.6199951,183.6499939,179.8999939,180.7599945,175.7714386,36839200
6/5/2020,182.0800018,184.1999969,181.6300049,182.5399933,177.5023193,32139300
7/5/2020,184.1699982,184.5500031,182.5800018,183.6000061,178.5330505,28316000
8/5/2020,184.9799957,185,183.3600006,184.6799927,179.5832367,30877800
11/5/2020,183.1499939,187.5099945,182.8500061,186.7400055,181.5863953,30892700
12/5/2020,186.8000031,187.0399933,182.3000031,182.5099945,177.473114,32038200
13/5/2020,182.5500031,184.0500031,176.5399933,179.75,174.7893066,44711500
14/5/2020,177.5399933,180.6900024,175.6799927,180.5299988,175.5477753,41873900
15/5/2020,179.0599976,187.0599976,177,183.1600037,178.1051941,46610400
18/5/2020,185.75,186.1999969,183.9600067,184.9100037,179.8069,35264500
19/5/2020,185.0299988,186.6000061,183.4900055,183.6300049,178.5622101,26799100
20/5/2020,184.8099976,185.8500061,183.9400024,185.6600037,181.039032,31261300
21/5/2020,185.3999939,186.6699982,183.2899933,183.4299927,178.864502,29119500
22/5/2020,183.1900024,184.4600067,182.5399933,183.5099945,178.9425201,20826900
26/5/2020,186.3399963,186.5,181.1000061,181.5700073,177.0508118,36073600
27/5/2020,180.1999969,181.9900055,176.6000061,181.8099976,177.2848663,39517100
28/5/2020,180.7400055,184.1499939,180.3800049,181.3999939,176.8850555,33810200
29/5/2020,182.7299957,184.2700043,180.4100037,183.25,178.6889954,42130400
1/6/2020,182.5399933,183,181.4600067,182.8300018,178.2794647,22622400
2/6/2020,184.25,185,181.3500061,184.9100037,180.3076935,30794600
3/6/2020,184.8200073,185.9400024,183.5800018,185.3600006,180.74646,27311000
4/6/2020,184.3000031,185.8399963,182.3000031,182.9199982,178.367218,28761800
5/6/2020,182.6199951,187.7299957,182.0099945,187.1999969,182.5406799,39893600
8/6/2020,185.9400024,188.5500031,184.4400024,188.3600006,183.6717834,33211600
9/6/2020,188,190.6999969,187.2599945,189.8000031,185.0759735,29783900
10/6/2020,191.1300049,198.5200043,191.0099945,196.8399963,191.9407501,43872300
11/6/2020,193.1300049,195.7599945,186.0700073,186.2700043,181.6338501,52854700
12/6/2020,190.5399933,191.7200012,185.1799927,187.7400055,183.0672607,43373600
15/6/2020,184.5800018,190.8200073,184.0099945,188.9400024,184.2373657,32770200
16/6/2020,192.8899994,195.5800018,191.4600067,193.5700073,188.7521515,42556700
17/6/2020,195.0299988,196.3200073,193.6900024,194.2400055,189.4054718,25687800
18/6/2020,194,196.4900055,194,196.3200073,191.4336853,23061600
19/6/2020,198.5899963,199.2899933,194.3699951,195.1499939,190.2928162,44441100
22/6/2020,195.7899933,200.7599945,195.2299957,200.5700073,195.5779114,32818900
23/6/2020,202.0899963,203.9499969,201.4299927,201.9100037,196.884552,30917400
24/6/2020,201.6000061,203.25,196.5599976,197.8399963,192.9158478,36740600
25/6/2020,197.8000031,200.6100006,195.4700012,200.3399963,195.3536377,27803900
26/6/2020,199.7299957,199.8899994,194.8800049,196.3300018,191.4434509,54675800
29/6/2020,195.7799988,198.5299988,193.5500031,198.4400024,193.500946,26701600
30/6/2020,197.8800049,204.3999939,197.7400055,203.5099945,198.4447174,34310300
1/7/2020,203.1399994,206.3500061,201.7700043,204.6999969,199.6051178,32061200
2/7/2020,205.6799927,208.0200043,205,206.2599945,201.126297,29315800
6/7/2020,208.8300018,211.1300049,208.0899963,210.6999969,205.45578,31897600
7/7/2020,210.4499969,214.6699982,207.9900055,208.25,203.0667572,33600700
8/7/2020,210.0700073,213.2599945,208.6900024,212.8300018,207.5327454,33600000
9/7/2020,216.3300018,216.3800049,211.4700012,214.3200073,208.9856873,33121700
10/7/2020,213.6199951,214.0800018,211.0800018,213.6699982,208.3518524,26177600
13/7/2020,214.4799957,215.8000031,206.5,207.0700073,201.916153,38135600
14/7/2020,206.1300049,208.8500061,202.0299988,208.3500061,203.1642761,37591800
15/7/2020,209.5599976,211.3300018,205.0299988,208.0399933,202.8619995,32179400
16/7/2020,205.3999939,205.6999969,202.3099976,203.9199982,198.8445435,29940700
17/7/2020,204.4700012,205.0399933,201.3899994,202.8800049,197.8304291,31635300
20/7/2020,205,212.3000031,203.0099945,211.6000061,206.3334045,36884800
21/7/2020,213.6600037,213.9400024,208.0299988,208.75,203.5543213,37990400
22/7/2020,209.1999969,212.3000031,208.3899994,211.75,206.4796295,49605700
23/7/2020,207.1900024,210.9199982,202.1499939,202.5399933,197.4988861,67457000
24/7/2020,200.4199982,202.8600006,197.5099945,201.3000031,196.2897491,39827000
27/7/2020,201.4700012,203.9700012,200.8600006,203.8500061,198.7762451,30160900
28/7/2020,203.6100006,204.6999969,201.7400055,202.0200043,196.9918365,23251400
29/7/2020,202.5,204.6499939,202.0099945,204.0599976,198.9810486,19632600
30/7/2020,201,204.4600067,199.5700073,203.8999939,198.8250122,25079600
31/7/2020,204.3999939,205.1000061,199.0099945,205.0099945,199.9073792,51044000
3/8/2020,211.5200043,217.6399994,210.4400024,216.5399933,211.1504059,78983000
4/8/2020,214.1699982,214.7700043,210.3099976,213.2899933,207.9813232,49280100
5/8/2020,214.8999939,215,211.5700073,212.9400024,207.6400146,28806400
6/8/2020,212.3399963,216.3699951,211.5500031,216.3500061,210.9651489,32656800
7/8/2020,214.8500061,215.6999969,210.9299927,212.4799957,207.191452,27820400
10/8/2020,211.6699982,211.8800049,206.3500061,208.25,203.0667572,36716500
11/8/2020,207.1600037,207.6499939,203.1399994,203.3800049,198.3179626,36446500
12/8/2020,205.2899933,210.2799988,204.75,209.1900024,203.9833679,28013100
13/8/2020,209.4400024,211.3500061,208.1499939,208.6999969,203.5055542,22588900
14/8/2020,208.7599945,209.5899963,207.5099945,208.8999939,203.700592,17958900
17/8/2020,209.6000061,211.1900024,208.9199982,210.2799988,205.0462494,20184800
18/8/2020,210.5299988,212.3600006,209.2100067,211.4900055,206.22612,21336200
19/8/2020,211.4900055,212.1000061,209.25,209.6999969,204.9749451,27627600
20/8/2020,209.5399933,215,208.9100037,214.5800018,209.7449799,26981500
21/8/2020,213.8600006,216.25,212.8500061,213.0200043,208.2201538,36249300
24/8/2020,214.7899933,215.5200043,212.4299927,213.6900024,208.8750763,25460100
25/8/2020,213.1000061,216.6100006,213.1000061,216.4700012,211.5924072,23043700
26/8/2020,217.8800049,222.0899963,217.3600006,221.1499939,216.1669922,39600800
27/8/2020,222.8899994,231.1499939,219.3999939,226.5800018,221.4745941,57602200
28/8/2020,228.1799927,230.6399994,226.5800018,228.9100037,223.7521362,26292900
31/8/2020,227,228.6999969,224.3099976,225.5299988,220.4482727,28774200
1/9/2020,225.5099945,227.4499969,224.4299927,227.2700043,222.1490631,25725500
2/9/2020,227.9700012,232.8600006,227.3500061,231.6499939,226.4303589,34080800
3/9/2020,229.2700043,229.3099976,214.9600067,217.3000031,212.403717,58400300
4/9/2020,215.1000061,218.3600006,205.1900024,214.25,209.4224396,59664100
8/9/2020,206.5,210.0299988,202.1999969,202.6600037,198.0936127,52924300
9/9/2020,207.6000061,214.8399963,206.6999969,211.2899933,206.5291138,45679000
10/9/2020,213.3999939,214.7400055,204.1100006,205.3699951,200.7425232,35461500
11/9/2020,207.1999969,208.6300049,201.2400055,204.0299988,199.4327087,33620100
14/9/2020,204.2400055,209.1999969,204.0299988,205.4100037,200.7816467,30375800
15/9/2020,208.4199982,209.7799988,206.9299927,208.7799988,204.0756989,21823900
16/9/2020,210.6199951,210.6499939,204.6399994,205.0500031,200.4297485,26328100
17/9/2020,200.0500031,204.3300018,199.9600067,202.9100037,198.3379669,34011300
18/9/2020,202.8000031,203.6499939,196.25,200.3899994,195.8747253,55225300
21/9/2020,197.1900024,202.7100067,196.3800049,202.5399933,197.9763031,39839700
22/9/2020,205.0599976,208.1000061,202.0800018,207.4199982,202.7463379,33517100
23/9/2020,207.8999939,208.1000061,200.0299988,200.5899963,196.0701904,30803800
24/9/2020,199.8500061,205.5700073,199.1999969,203.1900024,198.6116333,31202500
25/9/2020,203.5500031,209.0399933,202.5399933,207.8200073,203.1373444,29437300
28/9/2020,210.8800049,212.5700073,208.0599976,209.4400024,204.7208405,32004900
29/9/2020,209.3500061,210.0700073,206.8099976,207.2599945,202.5899506,24221900
30/9/2020,207.7299957,211.9799957,206.5399933,210.3300018,205.5907593,33829100
1/10/2020,213.4900055,213.9900055,211.3200073,212.4600067,207.67276,27158400
2/10/2020,208,210.9900055,205.5399933,206.1900024,201.5440521,33154800
5/10/2020,207.2200012,210.4100037,206.9799957,210.3800049,205.6396484,21331600
6/10/2020,208.8200073,210.1799927,204.8200073,205.9100037,201.2703552,28554300
7/10/2020,207.0599976,210.1100006,206.7200012,209.8300018,205.1020508,25681100
8/10/2020,210.5099945,211.1900024,208.3200073,210.5800018,205.8351593,19925800
9/10/2020,211.2299957,215.8600006,211.2299957,215.8099976,210.9472961,26458000
12/10/2020,218.7899933,223.8600006,216.8099976,221.3999939,216.4113617,40461400
13/10/2020,222.7200012,225.2100067,220.4299927,222.8600006,217.8384094,28950800
14/10/2020,223,224.2200012,219.1300049,220.8600006,215.8835297,23421700
15/10/2020,217.1000061,220.3600006,216.0099945,219.6600037,214.710556,22733100
16/10/2020,220.1499939,222.2899933,219.3200073,219.6600037,214.710556,26057900
19/10/2020,220.4199982,222.3000031,213.7200012,214.2200012,209.3930969,27625800
20/10/2020,215.8000031,217.3699951,213.0899963,214.6499939,209.813446,22753500
21/10/2020,213.1199951,216.9199982,213.1199951,214.8000031,209.9600372,22724900
22/10/2020,213.9299927,216.0599976,211.6999969,214.8899994,210.0480347,22351500
23/10/2020,215.0299988,216.2799988,213.1600037,216.2299957,211.3578033,18879600
26/10/2020,213.8500061,216.3399963,208.1000061,210.0800018,205.346405,37111600
27/10/2020,211.5899963,214.6699982,210.3300018,213.25,208.4449768,36700300
28/10/2020,207.6699982,208.8399963,202.1000061,202.6799927,198.1131592,51195600
29/10/2020,204.0700073,207.3600006,203.3699951,204.7200012,200.1071777,31432600
30/10/2020,203.5,204.2899933,199.6199951,202.4700012,197.9078522,36953700
2/11/2020,204.2899933,205.2799988,200.1199951,202.3300018,197.7710266,30842200
3/11/2020,203.8899994,208.1199951,203.1199951,206.4299927,201.7786255,27512000
4/11/2020,214.0200043,218.3200073,212.4199982,216.3899994,211.5142212,42311800
5/11/2020,222.0399933,224.1199951,221.1499939,223.2899933,218.2587433,36080100
6/11/2020,222.2599945,224.3600006,218.0299988,223.7200012,218.6790619,25231900
9/11/2020,224.4400024,228.1199951,217.8800049,218.3899994,213.469162,44395000
10/11/2020,214.5,216.5,209.7200012,211.0099945,206.2554321,44045100
11/11/2020,212.3899994,218.0399933,212.1999969,216.5500031,211.6706238,29440800
12/11/2020,217.2100067,219.1100006,214.4600067,215.4400024,210.5856018,21593900
13/11/2020,216.3600006,217.4199982,214.1600037,216.5099945,211.6315155,18621100
16/11/2020,214.8699951,217.7400055,214.5200043,217.2299957,212.3352661,24953300
17/11/2020,216.1000061,217.6799927,214.0800018,214.4600067,209.6277161,24154100
18/11/2020,213.6499939,215.1699982,210.9299927,211.0800018,206.8640594,28372800
19/11/2020,211.3800049,213.0299988,209.9299927,212.4199982,208.1772766,24792700
20/11/2020,212.1999969,213.2899933,210,210.3899994,206.1878052,22843100
23/11/2020,210.9499969,212.2899933,208.1600037,210.1100006,205.9134064,25683500
24/11/2020,209.5899963,214.25,208.8600006,213.8600006,209.588501,33979700
25/11/2020,215.1100006,215.2899933,212.4600067,213.8699951,209.5983124,21012900
27/11/2020,214.8500061,216.2700043,214.0399933,215.2299957,210.9311676,14512200
30/11/2020,214.1000061,214.7599945,210.8399963,214.0700073,209.7942963,33064800
1/12/2020,214.5099945,217.3200073,213.3500061,216.2100067,211.8916016,30904500
2/12/2020,214.8800049,215.4700012,212.8000031,215.3699951,211.0683594,23724500
3/12/2020,214.6100006,216.3800049,213.6499939,214.2400055,209.9609222,25120900
4/12/2020,214.2200012,215.3800049,213.1799927,214.3600006,210.0785065,24666000
7/12/2020,214.3699951,215.5399933,212.9900055,214.2899933,210.009903,24620000
8/12/2020,213.9700012,216.9499969,212.8899994,216.0099945,211.6955719,23284100
9/12/2020,215.1600037,215.2299957,211.2100067,211.8000031,207.5696716,32440600
10/12/2020,211.7700043,213.0800018,210.3600006,210.5200043,206.3152313,26733300
11/12/2020,210.0500031,213.3200073,209.1100006,213.2599945,209.0004578,30979400
14/12/2020,213.1000061,216.2100067,212.8800049,214.1999969,209.9217072,28798400
15/12/2020,215.1699982,215.4199982,212.2400055,214.1300049,209.8531189,27000600
16/12/2020,214.75,220.1100006,214.7200012,219.2799988,214.9002533,35023300
17/12/2020,219.8699951,220.8899994,217.9199982,219.4199982,215.0374451,32515800
18/12/2020,218.5899963,219.6900024,216.0200043,218.5899963,214.2240295,63354900
21/12/2020,217.5500031,224,217.2799988,222.5899963,218.144165,37181900
22/12/2020,222.6900024,225.6300049,221.8500061,223.9400024,219.4671783,22612200
23/12/2020,223.1100006,223.5599976,220.8000031,221.0200043,216.6054993,18699600
24/12/2020,221.4199982,223.6100006,221.1999969,222.75,218.3009491,10550600
28/12/2020,224.4499969,226.0299988,223.0200043,224.9600067,220.4667969,17933500
29/12/2020,226.3099976,227.1799927,223.5800018,224.1499939,219.6730042,17403200
30/12/2020,225.2299957,225.6300049,221.4700012,221.6799927,217.2523041,20272300
31/12/2020,221.6999969,223,219.6799927,222.4199982,217.9775238,20942100
4/1/2021,222.5299988,223,214.8099976,217.6900024,213.3419952,37130100
5/1/2021,217.2599945,218.5200043,215.6999969,217.8999939,213.547821,23823000
6/1/2021,212.1699982,216.4900055,211.9400024,212.25,208.0106659,35930700
7/1/2021,214.0399933,219.3399963,213.7100067,218.2899933,213.9300385,27694500
8/1/2021,218.6799927,220.5800018,217.0299988,219.6199951,215.23349,22956200
11/1/2021,218.4700012,218.9100037,216.7299957,217.4900055,213.1460114,23031300
12/1/2021,216.5,217.1000061,213.3200073,214.9299927,210.6371307,23249300
13/1/2021,214.0200043,216.7599945,213.9299927,216.3399963,212.0189819,20087100
14/1/2021,215.9100037,217.4600067,212.7400055,213.0200043,208.765274,29480800
15/1/2021,213.5200043,214.5099945,212.0299988,212.6499939,208.4026794,31746500
19/1/2021,213.75,216.9799957,212.6300049,216.4400024,212.1169586,30480900
20/1/2021,217.6999969,225.7899933,217.2899933,224.3399963,219.8591766,37777300
21/1/2021,224.6999969,226.3000031,222.4199982,224.9700012,220.476593,30709400
22/1/2021,227.0800018,230.0700073,225.8000031,225.9499969,221.4370117,30172700
25/1/2021,229.1199951,229.7799988,224.2200012,229.5299988,224.9455261,33152100
26/1/2021,231.8600006,234.1799927,230.0800018,232.3300018,227.6896057,49169600
27/1/2021,238,240.4400024,230.1399994,232.8999939,228.2481995,69870600
28/1/2021,235.6100006,242.6399994,235.0899963,238.9299927,234.1577606,49111200
29/1/2021,235.9900055,238.0200043,231.3500061,231.9600067,227.3269958,42503100
1/2/2021,235.0599976,242.5,232.4299927,239.6499939,234.8633881,33314200
2/2/2021,241.3000031,242.3099976,238.6900024,239.5099945,234.7261963,25916300
3/2/2021,239.5700073,245.0899963,239.2599945,243,238.1464996,27158100
4/2/2021,242.6600037,243.2400055,240.3699951,242.0099945,237.1762695,25296100
5/2/2021,242.2299957,243.2799988,240.4199982,242.1999969,237.3624725,18054800
8/2/2021,243.1499939,243.6799927,240.8099976,242.4700012,237.6271057,22211900
9/2/2021,241.8699951,244.7599945,241.3800049,243.7700043,238.9011078,23565000
10/2/2021,245,245.9199982,240.8899994,242.8200073,237.9700928,22186700
11/2/2021,244.7799988,245.1499939,242.1499939,244.4900055,239.6067352,15751100
12/2/2021,243.9299927,245.3000031,242.7299957,244.9900055,240.0967407,16561100
16/2/2021,245.0299988,246.1300049,242.9199982,243.6999969,238.832489,26728500
17/2/2021,241.3200073,244.3099976,240.9400024,244.1999969,239.8737183,21653500
18/2/2021,241.8000031,243.9299927,240.8600006,243.7899933,239.4709778,16925600
19/2/2021,243.75,243.8600006,240.1799927,240.9700012,236.700943,25262600
22/2/2021,237.4199982,237.9299927,232.3999939,234.5099945,230.3553772,36446900
23/2/2021,230.3300018,234.8300018,228.7299957,233.2700043,229.1373596,30228700
24/2/2021,230.0099945,235.1999969,229,234.5500031,230.3946686,26339700
25/2/2021,232.0800018,234.5899963,227.8800049,228.9900055,224.9331818,39542200
26/2/2021,231.5299988,235.3699951,229.5399933,232.3800049,228.2631226,37819200
1/3/2021,235.8999939,237.4700012,233.1499939,236.9400024,232.7423706,25324000
2/3/2021,237.0099945,237.3000031,233.4499969,233.8699951,229.7267151,22812500
3/3/2021,232.1600037,233.5800018,227.2599945,227.5599976,223.5284882,34029500
4/3/2021,226.7400055,232.4900055,224.2599945,226.7299957,222.7132111,44727800
5/3/2021,229.5200043,233.2700043,226.4600067,231.6000061,227.4969177,41872800
8/3/2021,231.3699951,233.3699951,227.1300049,227.3899994,223.3615417,35267400
9/3/2021,232.8800049,235.3800049,231.6699982,233.7799988,229.6383057,33080500
10/3/2021,237,237,232.0399933,232.4199982,228.3024139,29746800
11/3/2021,234.9600067,239.1699982,234.3099976,237.1300049,232.9289856,29907600
12/3/2021,234.0099945,235.8200073,233.2299957,235.75,231.57341,22653700
15/3/2021,234.9600067,235.1900024,231.8099976,234.8099976,230.6500702,26034900
16/3/2021,236.2799988,240.0599976,235.9400024,237.7100067,233.4987183,28092200
17/3/2021,236.1499939,238.5500031,233.2299957,237.0399933,232.8405457,29562100
18/3/2021,232.5599976,234.1900024,230.3300018,230.7200012,226.6325378,34833000
19/3/2021,231.0200043,232.4700012,229.3500061,230.3500061,226.269104,46430700
22/3/2021,230.2700043,236.8999939,230.1399994,235.9900055,231.8091736,30127000
23/3/2021,237.4900055,241.0500031,237.0700073,237.5800018,233.3710022,31638400
24/3/2021,237.8500061,238,235.3200073,235.4600067,231.288559,25620100
25/3/2021,235.3000031,236.9400024,231.5700073,232.3399963,228.2238159,34061900
26/3/2021,231.5500031,236.7100067,231.5500031,236.4799957,232.2904816,25479900
29/3/2021,236.5899963,236.8000031,231.8800049,235.2400055,231.0724792,25227500
30/3/2021,233.5299988,233.8500061,231.1000061,231.8500061,227.7425232,24792000
31/3/2021,232.9100037,239.1000061,232.3899994,235.7700043,231.5930786,43623500
1/4/2021,238.4700012,242.8399963,238.0500031,242.3500061,238.0565033,30338000
5/4/2021,242.7599945,249.9600067,242.6999969,249.0700073,244.6574707,36910600
6/4/2021,247.6100006,249.3999939,246.8800049,247.8600006,243.4688873,22931900
7/4/2021,247.8099976,250.9299927,247.1900024,249.8999939,245.4727325,22719800
8/4/2021,252.7700043,254.1399994,252,253.25,248.763382,23625200
9/4/2021,252.8699951,255.9900055,252.4400024,255.8500061,251.317337,24326800
12/4/2021,254.7100067,257.6700134,254.6199951,255.9100037,251.3762512,27148700
13/4/2021,257.2600098,259.1900024,256.8299866,258.4899902,253.910553,23837500
14/4/2021,257.480011,258.8299866,255.1600037,255.5899963,251.0619049,23070900
15/4/2021,257.9299927,259.9299927,257.730011,259.5,254.9026337,25627500
16/4/2021,259.4700012,261,257.6000061,260.7399902,256.1207275,24878600
19/4/2021,260.1900024,261.480011,257.8200073,258.7399902,254.1561279,23209300
20/4/2021,257.8200073,260.2000122,256.8399963,258.2600098,253.6846466,19722900
21/4/2021,258.9400024,260.6799927,257.25,260.5799866,255.9635315,24030400
22/4/2021,260.2099915,261.7799988,255.6399994,257.1700134,252.6139679,25606200
23/4/2021,257.8800049,261.5100098,257.269989,261.1499939,256.523407,21462600
26/4/2021,261.6600037,262.4400024,260.1700134,261.5499878,256.9163208,19763300
27/4/2021,261.5799866,263.1900024,260.1199951,261.9700012,257.3288879,31014200
28/4/2021,256.0799866,256.5400085,252.9499969,254.5599976,250.0501862,46903100
29/4/2021,255.4600067,256.1000061,249,252.5099945,248.0364838,40589000
30/4/2021,249.7400055,253.0800018,249.6000061,252.1799927,247.7123413,30945100
3/5/2021,253.3999939,254.3500061,251.1199951,251.8600006,247.397995,19626600
4/5/2021,250.9700012,251.2100067,245.7599945,247.7899933,243.4001007,32756100
5/5/2021,249.0599976,249.5,245.8200073,246.4700012,242.1035156,21901300
6/5/2021,246.4499969,249.8600006,244.6900024,249.7299957,245.3057251,26491100
7/5/2021,252.1499939,254.3000031,251.1699982,252.4600067,247.9873962,27032900
10/5/2021,250.8699951,251.7299957,247.1199951,247.1799927,242.8009186,29299900
11/5/2021,244.5500031,246.6000061,242.5700073,246.2299957,241.8677521,33641600
12/5/2021,242.1699982,244.3800049,238.0700073,239,234.7658539,36684400
13/5/2021,241.8000031,245.6000061,241.4199982,243.0299988,238.7244415,29624300
14/5/2021,245.5800018,249.1799927,245.4900055,248.1499939,243.7537384,23901100
17/5/2021,246.5500031,246.5899963,243.5200043,245.1799927,240.83638,24970200
18/5/2021,246.2700043,246.4100037,242.8999939,243.0800018,238.7735596,20168000
19/5/2021,239.3099976,243.2299957,238.6000061,243.1199951,239.3643036,25739800
20/5/2021,243.9600067,247.9499969,243.8600006,246.4799957,242.6723938,21800700
21/5/2021,247.5700073,248.3300018,244.7400055,245.1699982,241.3826294,21863100
24/5/2021,247.7899933,251.1600037,247.5099945,250.7799988,246.9059601,21411500
25/5/2021,251.7700043,252.75,250.8200073,251.7200012,247.8314514,17704300
26/5/2021,251.4299927,252.9400024,250.75,251.4900055,247.6049957,17771600
27/5/2021,251.1699982,251.4799957,249.25,249.3099976,245.4586792,24426200
28/5/2021,251,252.0800018,249.5599976,249.6799927,245.8229523,18270200
1/6/2021,251.2299957,251.2899933,246.9600067,247.3999939,243.5781708,23213300
2/6/2021,248.1300049,249.2700043,245.8399963,247.3000031,243.4797058,19406700
3/6/2021,245.2200012,246.3399963,243,245.7100067,241.9143066,25307700
4/6/2021,247.7599945,251.6499939,247.5099945,250.7899933,246.9157867,25281100
7/6/2021,249.9799957,254.0899963,249.8099976,253.8099976,249.8891449,23079200
8/6/2021,255.1600037,256.0100098,252.5099945,252.5700073,248.6683197,22455000
9/6/2021,253.8099976,255.5299988,253.2100067,253.5899963,249.6725464,17937600
10/6/2021,254.2899933,257.4599915,253.6699982,257.2399902,253.2661896,24563600
11/6/2021,257.9899902,258.4899902,256.6099854,257.8900146,253.9061279,18999700
14/6/2021,257.8999939,259.9500122,256.7999878,259.8900146,255.8752594,19150500
15/6/2021,259.769989,259.9899902,257.6799927,258.3599854,254.368866,18038900
16/6/2021,259.3999939,260.5799866,254.4199982,257.3800049,253.4039917,27220000
17/6/2021,256.0700073,261.75,256.0100098,260.8999939,256.8696289,27565500
18/6/2021,259.6300049,262.2999878,258.75,259.4299927,255.4223328,37202200
21/6/2021,259.8200073,263.519989,257.9200134,262.6300049,258.572876,26696100
22/6/2021,262.7200012,265.7900085,262.3999939,265.5100098,261.4084473,24694100
23/6/2021,265.9899902,266.8299866,264.4299927,265.269989,261.1720886,19518700
24/6/2021,266.1600037,267.8500061,265.4700012,266.6900024,262.5701599,21446900
25/6/2021,266.230011,267.25,264.7600098,265.019989,260.9259949,25611100
28/6/2021,266.1900024,268.8999939,265.9100037,268.7200012,264.5687866,19590000
29/6/2021,268.8699951,271.6499939,267.980011,271.3999939,267.2073975,19937800
30/6/2021,270.6900024,271.3599854,269.6000061,270.8999939,266.7151489,21656500
1/7/2021,269.6099854,271.8399963,269.6000061,271.6000061,267.4043579,16725300
2/7/2021,272.8200073,278,272.5,277.6499939,273.3609009,26458000
6/7/2021,278.0299988,279.3699951,274.2999878,277.6600037,273.3707275,31565600
7/7/2021,279.3999939,280.6900024,277.1499939,279.9299927,275.6056824,23260000
8/7/2021,276.8999939,278.730011,274.8699951,277.4200134,273.1344299,24618600
9/7/2021,275.7200012,278.0499878,275.3200073,277.9400024,273.6463928,23916700
12/7/2021,279.1600037,279.769989,276.5799866,277.3200073,273.0360413,18931700
13/7/2021,277.519989,282.8500061,277.3900146,280.980011,276.6394348,26120100
14/7/2021,282.3500061,283.6600037,280.5499878,282.5100098,278.145813,23113700
15/7/2021,282,282.5100098,279.8299866,281.0299988,276.6886597,22604200
16/7/2021,282.0700073,284.1000061,279.4599915,280.75,276.4129944,26186800
19/7/2021,278.9299927,280.3699951,274.4500122,277.0100098,272.7308044,32935600
20/7/2021,278.0299988,280.9700012,276.2600098,279.3200073,275.0050964,26259700
21/7/2021,278.8999939,281.519989,277.2900085,281.3999939,277.0529175,24364300
22/7/2021,283.8399963,286.4200134,283.4200134,286.1400146,281.7197571,23384100
23/7/2021,287.3699951,289.9899902,286.5,289.6700134,285.1951599,22768100
26/7/2021,289,289.6900024,286.6400146,289.0499878,284.5847473,23176100
27/7/2021,289.4299927,289.5799866,282.9500122,286.5400085,282.1135254,33604100
28/7/2021,288.9899902,290.1499939,283.8299866,286.2200012,281.7984619,33566900
29/7/2021,286.2399902,288.6199951,286.0799866,286.5,282.0741882,18168300
30/7/2021,285.1700134,286.6600037,283.9100037,284.9100037,280.508728,20944800
2/8/2021,286.3599854,286.769989,283.7399902,284.8200073,280.4201355,16267400
3/8/2021,285.4200134,287.230011,284,287.1199951,282.6845398,17879000
4/8/2021,286.2200012,287.5899963,284.6499939,286.5100098,282.0840149,16191300
5/8/2021,286.8800049,289.6300049,286.1000061,289.519989,285.0475159,13900200
6/8/2021,288.5100098,289.5,287.6199951,289.4599915,284.9884338,16589300
9/8/2021,289.75,291.5499878,287.8099976,288.3299866,283.875885,16117600
10/8/2021,288.7999878,289.25,285.2000122,286.4400024,282.0150757,18616600
11/8/2021,287.2099915,288.6600037,285.8599854,286.9500122,282.5172424,13955900
12/8/2021,286.6300049,289.9700012,286.3399963,289.8099976,285.3330688,14561300
13/8/2021,289.480011,292.8999939,289.2999878,292.8500061,288.3260803,18249000
16/8/2021,293.1900024,294.8200073,290.019989,294.6000061,290.0490417,22507600
17/8/2021,292.3900146,293.4299927,291.0799866,293.0799866,288.5524902,20075300
18/8/2021,292.0400085,294.8200073,290.269989,290.730011,286.7867737,21813000
19/8/2021,288.6900024,297.4700012,288.6400146,296.769989,292.744873,29850500
20/8/2021,299.7200012,305.8399963,298.0599976,304.3599854,300.2319031,40817600
23/8/2021,303.25,305.3999939,301.8500061,304.6499939,300.5180054,22830200
24/8/2021,305.019989,305.6499939,302,302.6199951,298.5155334,18175800
25/8/2021,304.2999878,304.5899963,300.4200134,302.0100098,297.9138489,20006100
26/8/2021,300.9899902,302.4299927,298.9500122,299.0899963,295.0334167,17666100
27/8/2021,298.9899902,300.8699951,296.8299866,299.7200012,295.6548462,22605700
30/8/2021,301.1199951,304.2200012,301.0599976,303.5899963,299.4723816,16348100
31/8/2021,304.4200134,304.5,301.5,301.8800049,297.785553,26285300
1/9/2021,302.8699951,305.1900024,301.4899902,301.8299866,297.7362366,18983800
2/9/2021,302.2000122,303.3599854,300.1799927,301.1499939,297.0654907,16285600
3/9/2021,300.9899902,302.6000061,300.2600098,301.1400146,297.055603,14747900
7/9/2021,301.0100098,301.0899963,298.2000122,300.1799927,296.1086121,17180400
8/9/2021,299.7799988,300.6099854,297.4700012,300.2099915,296.1382141,15046800
9/9/2021,300.8200073,302.1400146,297,297.25,293.2183533,19927000
10/9/2021,298.4200134,299.9200134,295.3800049,295.7099915,291.6992188,19633400
13/9/2021,297.5499878,298.5400085,294.0799866,296.9899902,292.961853,23652900
14/9/2021,299.5599976,301.3900146,298.1000061,299.7900085,295.7239685,21853400
15/9/2021,303.2600098,305.3200073,301.8200073,304.8200073,300.68573,28356300
16/9/2021,303.7600098,305.3099976,300.7600098,305.2200012,301.0802612,19550800
17/9/2021,304.1700134,304.5,299.5299988,299.8699951,295.8027954,41372500
20/9/2021,296.3299866,298.7200012,289.519989,294.2999878,290.3083496,38278700
21/9/2021,295.6900024,297.5400085,294.0700073,294.7999878,290.8015747,22364100
22/9/2021,296.730011,300.2200012,294.5100098,298.5799866,294.530304,26626300
23/9/2021,298.8500061,300.8999939,297.5299988,299.5599976,295.4970093,18604600
24/9/2021,298.230011,299.7999878,296.9299927,299.3500061,295.289856,14999000
27/9/2021,296.1400146,296.4700012,292.9400024,294.1700134,290.1801758,23571700
28/9/2021,289.7999878,290.7799988,282.75,283.519989,279.6745911,43186200
29/9/2021,285.1000061,286.769989,283.0100098,284,280.1480713,26353700
30/9/2021,285.7099915,287.8299866,281.6199951,281.9200134,278.096283,32343600
1/10/2021,282.1199951,289.980011,281.2900085,289.1000061,285.178894,30086300
4/10/2021,287.3999939,287.75,280.25,283.1099854,279.2701111,31350700
5/10/2021,284.0499878,290.3999939,284.0499878,288.7600098,284.8435059,24993000
6/10/2021,285.7799988,293.6300049,285.5100098,293.1099854,289.134491,28002600
7/10/2021,295.1799927,296.6400146,293.9200134,294.8500061,290.8509216,20430500
8/10/2021,296.2200012,296.6400146,293.7600098,294.8500061,290.8509216,17685700
11/10/2021,292.9200134,297.9700012,292.75,294.230011,290.2393188,19298600
12/10/2021,295.3399963,295.4400024,292.3500061,292.8800049,288.9076233,17974100
13/10/2021,294.9100037,297.2799988,293.4899902,296.3099976,292.2911072,23416300
14/10/2021,299.2099915,303.269989,297.8299866,302.75,298.6437988,27262900
15/10/2021,302.3399963,304.4500122,300.519989,304.2099915,300.0839539,25384800
18/10/2021,303.5700073,308.2099915,302.6900024,307.2900085,303.1221924,22729300
19/10/2021,308.3500061,309.2999878,307.2200012,308.230011,304.049469,17682100
20/10/2021,309.2099915,309.7000122,306.1099854,307.4100037,303.2405396,16537100
21/10/2021,307.1700134,311.019989,306.3599854,310.7600098,306.5451355,16918100
22/10/2021,310.3999939,311.0899963,307.7999878,309.1600037,304.9667969,17449300
25/10/2021,309.3599854,309.3999939,306.4599915,308.1300049,303.9508057,17554500
26/10/2021,311,312.3999939,308.6000061,310.1099854,305.9039307,28107300
27/10/2021,316,326.1000061,316,323.1700134,318.7868347,52588700
28/10/2021,324.3299866,324.8699951,321.3599854,324.3500061,319.9508362,26297900
29/10/2021,324.1300049,332,323.8999939,331.6199951,327.1221619,34766000
1/11/2021,331.3599854,331.4899902,326.3699951,329.3699951,324.90271,27073200
2/11/2021,330.3099976,333.4500122,330,333.1300049,328.6116943,26487100
3/11/2021,333.8999939,334.8999939,330.6499939,334,329.4699402,21500100
4/11/2021,332.8900146,336.5400085,329.5100098,336.4400024,331.8768616,23992200
5/11/2021,338.5100098,338.7900085,334.4200134,336.0599976,331.5019836,22570100
8/11/2021,337.2999878,337.6499939,334.4400024,336.9899902,332.419342,20897000
9/11/2021,337.1099854,338.7200012,334.5299988,335.9500122,331.3934937,21307400
10/11/2021,334.5700073,334.6300049,329.9200134,330.7999878,326.313324,25500900
11/11/2021,331.25,333.769989,330.5100098,332.4299927,327.9212036,16849800
12/11/2021,333.9200134,337.230011,333.7900085,336.7200012,332.1530457,23831000
15/11/2021,337.5400085,337.8800049,334.0299988,336.0700073,331.5118713,16723000
16/11/2021,335.6799927,340.6700134,335.5100098,339.5100098,334.9051819,20886800
17/11/2021,338.9400024,342.1900024,338,339.1199951,335.1324768,19053400
18/11/2021,338.1799927,342.4500122,337.1199951,341.269989,337.2572021,22463500
19/11/2021,342.6400146,345.1000061,342.2000122,343.1099854,339.075592,21963400
22/11/2021,344.6199951,349.6700134,339.5499878,339.8299866,335.8340759,31031100
23/11/2021,337.0499878,339.4500122,333.5599976,337.6799927,333.7094116,30427600
24/11/2021,336.2799988,338.1600037,333.9100037,337.9100037,333.9367065,21661300
26/11/2021,334.3500061,337.9299927,328.1199951,329.6799927,325.8035278,24217200
29/11/2021,334.9400024,339.0299988,334.7399902,336.6300049,332.671814,28563500
30/11/2021,335.3200073,337.7799988,328.9899902,330.5899963,326.7027893,42885600
1/12/2021,335.1300049,339.2799988,329.3900146,330.0799866,326.1987915,33337600
2/12/2021,330.2999878,333.4899902,327.7999878,329.4899902,325.6156921,30766000
3/12/2021,331.9899902,332.7000122,318.0299988,323.0100098,319.2119446,41779300
6/12/2021,323.9500122,327.4500122,319.230011,326.1900024,322.3545227,30032600
7/12/2021,331.6400146,335.7999878,330.1000061,334.9200134,330.9818726,31021900
8/12/2021,335.3099976,335.5,330.7999878,334.9700012,331.031311,24761000
9/12/2021,334.4100037,336.4899902,332.1199951,333.1000061,329.1832581,22214200
10/12/2021,334.980011,343,334.7900085,342.5400085,338.5122681,38095700
13/12/2021,340.6799927,343.7900085,339.0799866,339.3999939,335.4091797,28899400
14/12/2021,333.2200012,334.6400146,324.1099854,328.3399963,324.479248,44438700
15/12/2021,328.6099854,335.1900024,324.5,334.6499939,330.7150574,35381100
16/12/2021,335.7099915,336.7600098,323.019989,324.8999939,321.0796814,35034800
17/12/2021,320.8800049,324.9200134,317.25,323.7999878,319.9926147,47750300
20/12/2021,320.0499878,322.7999878,317.5700073,319.9100037,316.1483765,28326500
21/12/2021,323.2900085,327.730011,319.7999878,327.2900085,323.4415894,24740600
22/12/2021,328.2999878,333.6099854,325.75,333.2000122,329.282074,24831500
23/12/2021,332.75,336.3900146,332.730011,334.6900024,330.7545776,19617800
27/12/2021,335.4599915,342.480011,335.4299927,342.4500122,338.4233398,19947000
28/12/2021,343.1499939,343.8099976,340.3200073,341.25,337.2374268,15661500
29/12/2021,341.2999878,344.2999878,339.6799927,341.9500122,337.9291992,15042000
30/12/2021,341.9100037,343.1300049,338.8200073,339.3200073,335.3301697,15994500
31/12/2021,338.5100098,339.3599854,335.8500061,336.3200073,332.365448,18000800
3/1/2022,335.3500061,338,329.7799988,334.75,330.8138428,28865100
4/1/2022,334.8299866,335.2000122,326.1199951,329.0100098,325.1413574,32674300
5/1/2022,325.8599854,326.0700073,315.980011,316.3800049,312.6598816,40054300
6/1/2022,313.1499939,318.7000122,311.4899902,313.8800049,310.18927,39646100
7/1/2022,314.1499939,316.5,310.0899963,314.0400085,310.3473816,32720000
10/1/2022,309.4899902,314.7200012,304.6900024,314.269989,310.5746765,44289500
11/1/2022,313.3800049,316.6099854,309.8900146,314.980011,311.2763672,29386800
12/1/2022,319.6700134,323.4100037,317.0799866,318.269989,314.5276184,34372200
13/1/2022,320.4700012,320.8800049,304,304.7999878,301.2160034,45366000
14/1/2022,304.25,310.8200073,303.75,310.2000122,306.5525513,39846400
18/1/2022,304.0700073,309.7999878,301.7399902,302.6499939,299.0912781,42333200
19/1/2022,306.2900085,313.9100037,302.7000122,303.3299866,299.7632751,45933900
20/1/2022,309.0700073,311.6499939,301.1400146,301.6000061,298.0536804,35380700
21/1/2022,302.6900024,304.1099854,295.6099854,296.0299988,292.5491638,57984400
24/1/2022,292.2000122,297.1099854,276.0499878,296.3699951,292.8851624,85731500
25/1/2022,291.519989,294.9899902,285.1700134,288.4899902,285.0977783,72848600
26/1/2022,307.9899902,308.5,293.0299988,296.7099915,293.2211609,90428900
27/1/2022,302.6600037,307.2999878,297.9299927,299.8399963,296.3143616,53481300
28/1/2022,300.230011,308.480011,294.4500122,308.2600098,304.6353455,49743700
31/1/2022,308.9500122,312.3800049,306.3699951,310.980011,307.3233643,46444500
1/2/2022,310.4100037,310.6300049,305.1300049,308.7600098,305.1294556,40950400
2/2/2022,309.6300049,315.1199951,308.8800049,313.4599915,309.7741699,36636000
3/2/2022,309.4899902,311.230011,299.9599915,301.25,297.7077637,43730000
4/2/2022,300.2099915,308.7999878,299.9700012,305.9400024,302.3426208,35096500
7/2/2022,306.1700134,307.8399963,299.8999939,300.9500122,297.4113159,28533300
8/2/2022,301.25,305.5599976,299.9500122,304.5599976,300.9788513,32421200
9/2/2022,309.8699951,311.9299927,307.3900146,311.2099915,307.5506287,31284700
10/2/2022,304.0400085,309.1199951,300.7000122,302.3800049,298.8245239,45386200
11/2/2022,303.1900024,304.2900085,294.2200012,295.0400085,291.5708008,39175600
14/2/2022,293.769989,296.7600098,291.3500061,295,291.5312805,36359500
15/2/2022,300.0100098,300.7999878,297.019989,300.4700012,296.9369507,27058300
16/2/2022,298.3699951,300.8699951,293.6799927,299.5,296.590332,29982100
17/2/2022,296.3599854,296.7999878,290,290.730011,287.9055481,32461600
18/2/2022,293.0499878,293.8599854,286.3099976,287.9299927,285.1327515,34264000
22/2/2022,285,291.5400085,284.5,287.7200012,284.9248352,41736100
23/2/2022,290.1799927,291.7000122,280.1000061,280.269989,277.5471497,37811200
24/2/2022,272.5100098,295.1600037,271.519989,294.5899963,291.7280273,56989700
25/2/2022,295.1400146,297.6300049,291.6499939,297.3099976,294.4216309,32546700
28/2/2022,294.3099976,299.1400146,293,298.7900085,295.8872681,34627500
1/3/2022,296.3999939,299.9700012,292.1499939,294.9500122,292.0845642,31217800
2/3/2022,295.3599854,301.4700012,293.7000122,300.1900024,297.2736511,31873000
3/3/2022,302.8900146,303.1300049,294.0499878,295.9200134,293.045166,27314500
4/3/2022,294.2900085,295.6600037,287.1700134,289.8599854,287.0439758,32356500
7/3/2022,288.5299988,289.6900024,278.5299988,278.9100037,276.2003479,43157200
8/3/2022,277.7999878,283.9599915,270,275.8500061,273.1701355,48159500
9/3/2022,283.4400024,289.6000061,280.7799988,288.5,285.6972351,35204500
10/3/2022,283.019989,286.6000061,280.5799866,285.5899963,282.8154907,30628000
11/3/2022,287.9599915,289.5100098,279.4299927,280.0700073,277.3491211,27209300
14/3/2022,280.3399963,285.3999939,275.8200073,276.4400024,273.754364,30660700
15/3/2022,280.3500061,287.8200073,278.730011,287.1499939,284.3603516,34245100
16/3/2022,289.1099854,294.5700073,283.2000122,294.3900146,291.5299988,37826300
17/3/2022,293.2900085,295.6099854,289.3699951,295.2200012,292.3519287,30816600
18/3/2022,295.3699951,301,292.730011,300.4299927,297.511322,43390600
21/3/2022,298.8900146,300.1400146,294.8999939,299.1600037,296.2536926,28351200
22/3/2022,299.7999878,305,298.769989,304.0599976,301.1060486,27599700
23/3/2022,300.5100098,303.230011,297.7200012,299.4899902,296.5804443,25715400
24/3/2022,299.1400146,304.2000122,298.3200073,304.1000061,301.1456909,24484500
25/3/2022,305.230011,305.5,299.2900085,303.6799927,300.7297058,22566500
28/3/2022,304.3299866,310.7999878,304.3299866,310.7000122,307.6815491,29578200
29/3/2022,313.9100037,315.8200073,309.0499878,315.4100037,312.3457947,30393400
30/3/2022,313.7600098,315.9500122,311.5799866,313.8599854,310.8108215,28163600
31/3/2022,313.8999939,315.1400146,307.8900146,308.3099976,305.3147278,33422100
1/4/2022,309.3699951,310.1300049,305.5400085,309.4200134,306.414032,27110500
4/4/2022,310.0899963,315.1099854,309.7099915,314.9700012,311.9100952,24289600
5/4/2022,313.269989,314.8699951,309.8699951,310.8800049,307.8598022,23156700
6/4/2022,305.1900024,307,296.7099915,299.5,296.590332,40110400
7/4/2022,296.6600037,303.6499939,296.3500061,301.3699951,298.4421997,31411200
8/4/2022,300.4400024,301.1199951,296.2799988,296.9700012,294.0848999,24361900
11/4/2022,291.7900085,292.6099854,285,285.2600098,282.4887085,34569300
12/4/2022,289.2399902,290.7399902,280.4899902,282.0599976,279.3197632,30966700
13/4/2022,282.730011,288.5799866,281.2999878,287.6199951,284.8257446,21907200
14/4/2022,288.0899963,288.3099976,279.3200073,279.8299866,277.1114502,28221600
18/4/2022,278.9100037,282.4599915,278.3399963,280.519989,277.7947388,20778000
19/4/2022,279.3800049,286.1700134,278.4100037,285.2999878,282.5282898,22297700
20/4/2022,289.3999939,289.7000122,285.3699951,286.3599854,283.5779724,22906700
21/4/2022,288.5799866,293.2999878,280.0599976,280.8099976,278.0819092,29454600
22/4/2022,281.6799927,283.2000122,273.3800049,274.0299988,271.3677979,29405800
25/4/2022,273.2900085,281.1099854,270.769989,280.7200012,277.9928284,35678900
26/4/2022,277.5,278.3599854,270,270.2200012,267.5948181,46518400
27/4/2022,282.1000061,290.9700012,279.1600037,283.2200012,280.4685059,63477700
28/4/2022,285.1900024,290.980011,281.4599915,289.6300049,286.8162231,33646600
29/4/2022,288.6099854,289.8800049,276.5,277.519989,274.8238831,37073900
2/5/2022,277.7099915,284.9400024,276.2200012,284.4700012,281.7063293,35151100
3/5/2022,283.9599915,284.1300049,280.1499939,281.7799988,279.0424805,25978600
4/5/2022,282.5899963,290.8800049,276.730011,289.980011,287.1628418,33599300
5/5/2022,285.5400085,286.3500061,274.3399963,277.3500061,274.6555176,43260400
6/5/2022,274.8099976,279.25,271.269989,274.730011,272.0610046,37780300
9/5/2022,270.0599976,272.3599854,263.3200073,264.5799866,262.0095825,47726000
10/5/2022,271.6900024,273.75,265.0700073,269.5,266.8818359,39336400
11/5/2022,265.6799927,271.3599854,259.2999878,260.5499878,258.0187378,48975900
12/5/2022,257.6900024,259.8800049,250.0200043,255.3500061,252.869278,51033800
13/5/2022,257.3500061,263.0400085,255.3500061,261.1199951,258.583252,34925100
16/5/2022,259.9599915,265.8200073,255.7799988,261.5,258.9595337,32550900
17/5/2022,266.1099854,268.3299866,262.4599915,266.8200073,264.2278442,28828800
18/5/2022,263,263.6000061,252.7700043,254.0800018,252.1976471,31356000
19/5/2022,253.8999939,257.6700134,251.8800049,253.1399994,251.2646027,32692300
20/5/2022,257.2399902,258.5400085,246.4400024,252.5599976,250.6889038,39199300
23/5/2022,255.4900055,261.5,253.4299927,260.6499939,258.7189636,33175400
24/5/2022,257.8900146,261.3299866,253.5,259.6199951,257.6965942,29043900
25/5/2022,258.1400146,264.5799866,257.1300049,262.519989,260.5751343,28547900
26/5/2022,262.269989,267.1099854,261.4299927,265.8999939,263.9300537,25002100
27/5/2022,268.480011,273.3399963,267.5599976,273.2399902,271.2156677,26910800
31/5/2022,272.5299988,274.769989,268.9299927,271.8699951,269.8558655,37827700
1/6/2022,275.2000122,277.6900024,270.0400085,272.4200134,270.4017639,25292200
2/6/2022,264.4500122,274.6499939,261.6000061,274.5799866,272.5457458,44008200
3/6/2022,270.3099976,273.4500122,268.4100037,270.019989,268.0195618,28059000
6/6/2022,272.0599976,274.1799927,267.2200012,268.75,266.7589417,22400300
7/6/2022,266.6400146,273.1300049,265.9400024,272.5,270.4811707,22860700
8/6/2022,271.7099915,273,269.6099854,270.4100037,268.4066772,17372300
9/6/2022,267.7799988,272.7099915,264.6300049,264.7900085,262.8283386,26439700
10/6/2022,260.5799866,260.5799866,252.5299988,252.9900055,251.1157227,31422800
13/6/2022,245.1100006,249.0200043,241.5299988,242.2599945,240.46521,46135800
14/6/2022,243.8600006,245.7400055,241.5099945,244.4900055,242.6786957,28651500
15/6/2022,248.3099976,255.3000031,246.4199982,251.7599945,249.8948212,33111700
16/6/2022,245.9799957,247.4199982,243.0200043,244.9700012,243.1551208,33169200
17/6/2022,244.6999969,250.5,244.0299988,247.6499939,245.8152771,43084800
21/6/2022,250.2599945,254.75,249.5099945,253.7400055,251.8601685,29928300
22/6/2022,251.8899994,257.1700134,250.3699951,253.1300049,251.2546844,25939900
23/6/2022,255.5700073,259.3699951,253.6300049,258.8599854,256.9422302,25861400
24/6/2022,261.8099976,267.980011,261.7200012,267.7000122,265.7167664,33923200
27/6/2022,268.2099915,268.2999878,263.2799988,264.8900146,262.9275513,24615100
28/6/2022,263.980011,266.9100037,256.3200073,256.480011,254.5798645,27295500
29/6/2022,257.5899963,261.9700012,255.7599945,260.2600098,258.3318787,20069800
30/6/2022,257.0499878,259.5299988,252.8999939,256.8299866,254.9272614,31730900
1/7/2022,256.3900146,259.769989,254.6100006,259.5799866,257.6568604,22837700
5/7/2022,256.1600037,262.980011,254.7400055,262.8500061,260.9026794,22941000
6/7/2022,263.75,267.9899902,262.3999939,266.2099915,264.2377625,23824400
7/7/2022,265.1199951,269.0599976,265.019989,268.3999939,266.4115295,20859900
8/7/2022,264.7900085,268.1000061,263.2900085,267.6600037,265.6770325,19658800
11/7/2022,265.6499939,266.5299988,262.1799927,264.5100098,262.550354,19455200
12/7/2022,265.8800049,265.9400024,252.0399933,253.6699982,251.7906647,35868500
13/7/2022,250.1900024,253.5500031,248.1100006,252.7200012,250.8477173,29497400
14/7/2022,250.5700073,255.1399994,245.9400024,254.0800018,252.1976471,25102800
15/7/2022,255.7200012,260.3699951,254.7700043,256.7200012,254.8180695,29774100
18/7/2022,259.75,260.8399963,253.3000031,254.25,252.3663635,20975000
19/7/2022,257.5799866,259.7200012,253.6799927,259.5299988,257.6072693,25012600
20/7/2022,259.8999939,264.8699951,258.9100037,262.269989,260.3269653,22788300
21/7/2022,259.7900085,264.8900146,257.0299988,264.8399963,262.8779297,22404700
22/7/2022,265.2399902,265.3299866,259.0700073,260.3599854,258.4310913,21881300
25/7/2022,261,261.5,256.8099976,258.8299866,256.9124146,21056000
26/7/2022,259.8599854,259.8800049,249.5700073,251.8999939,250.0337677,39348000
27/7/2022,261.1600037,270.0499878,258.8500061,268.7399902,266.7490234,45994000
28/7/2022,269.75,277.8399963,267.8699951,276.4100037,274.3622131,33459300
29/7/2022,277.7000122,282,276.6300049,280.7399902,278.6601257,32152800
1/8/2022,277.8200073,281.2799988,275.8399963,278.0100098,275.9503784,21539600
2/8/2022,276,277.8900146,272.3800049,274.8200073,272.7839661,22754200
3/8/2022,276.7600098,283.5,276.6099854,282.4700012,280.3772888,23518900
4/8/2022,281.7999878,283.7999878,280.1700134,283.6499939,281.5485535,18098700
5/8/2022,279.1499939,283.6499939,278.6799927,282.9100037,280.8140259,16774600
8/8/2022,284.0499878,285.9200134,279.3200073,280.3200073,278.2432251,18739200
9/8/2022,279.6400146,283.0799866,277.6099854,282.2999878,280.2085571,23405200
10/8/2022,288.1700134,289.8099976,286.9400024,289.1600037,287.0177307,24687800
11/8/2022,290.8500061,291.2099915,286.5100098,287.019989,284.8935852,20065900
12/8/2022,288.480011,291.9100037,286.9400024,291.9100037,289.7473755,22619700
15/8/2022,291,294.1799927,290.1099854,293.4700012,291.2958374,18085700
16/8/2022,291.9899902,294.0400085,290.4200134,292.7099915,290.5414429,18102900
17/8/2022,289.7399902,293.3500061,289.4700012,291.3200073,289.7755432,18253400
18/8/2022,290.1900024,291.9100037,289.0799866,290.1700134,288.6316223,17186200
19/8/2022,288.8999939,289.25,285.5599976,286.1499939,284.6329346,20570000
22/8/2022,282.0799866,282.4599915,277.2200012,277.75,276.2774658,25061100
23/8/2022,276.4400024,278.8599854,275.3999939,276.4400024,274.9744263,17527400
24/8/2022,275.4100037,277.230011,275.1099854,275.7900085,274.3278809,18137000
25/8/2022,277.3299866,279.019989,274.519989,278.8500061,277.3716431,16583400
26/8/2022,279.0799866,280.3399963,267.980011,268.0899963,266.6686707,27549300
29/8/2022,265.8500061,267.3999939,263.8500061,265.230011,263.8238525,20338500
30/8/2022,266.6700134,267.0499878,260.6600037,262.9700012,261.5758057,22767100
31/8/2022,265.3900146,267.1099854,261.3299866,261.4700012,260.0837708,24791800
1/9/2022,258.8699951,260.8900146,255.4100037,260.3999939,259.0194397,23263400
2/9/2022,261.7000122,264.7399902,254.4700012,256.0599976,254.7024536,22855400
6/9/2022,256.2000122,257.8299866,251.9400024,253.25,251.9073486,21328200
7/9/2022,254.6999969,258.8299866,253.2200012,258.0899963,256.7217102,24126700
8/9/2022,257.5100098,260.4299927,254.7899933,258.519989,257.1494141,20319900
9/9/2022,260.5,265.230011,260.2900085,264.4599915,263.0579224,22084700
12/9/2022,265.7799988,267.4500122,265.1600037,266.6499939,265.2362976,18747700
13/9/2022,258.8399963,260.3999939,251.5899963,251.9900055,250.6540527,33353300
14/9/2022,253.5299988,254.2299957,249.8600006,252.2200012,250.8828125,23913000
15/9/2022,249.7700043,251.3999939,244.0200043,245.3800049,244.0790863,31530900
16/9/2022,244.2599945,245.3000031,242.0599976,244.7400055,243.4424744,39791800
19/9/2022,242.4700012,245.1399994,240.8500061,244.5200043,243.2236328,26826900
20/9/2022,242.0700073,243.5099945,239.6399994,242.4499969,241.1646118,26660300
21/9/2022,244.2700043,247.6600037,238.8999939,238.9499969,237.6831665,28625600
22/9/2022,237.8699951,243.8600006,237.5700073,240.9799957,239.7023926,31061200
23/9/2022,239.5399933,241.1300049,235.1999969,237.9199982,236.6586304,34176000
26/9/2022,237.0500031,241.4499969,236.8999939,237.4499969,236.1911163,27694200
27/9/2022,239.9799957,241.8000031,234.5,236.4100037,235.1566315,27018700
28/9/2022,236.8099976,242.3300018,234.7299957,241.0700073,239.7919464,29029700
29/9/2022,238.8899994,239.9499969,234.4100037,237.5,236.2408447,27484200
30/9/2022,238.2899933,240.5399933,232.7299957,232.8999939,231.6652374,35694800
3/10/2022,235.4100037,241.6100006,234.6600037,240.7400055,239.4636688,28880400
4/10/2022,245.0899963,250.3600006,244.9799957,248.8800049,247.5605164,34888400
5/10/2022,245.9900055,250.5800018,244.1000061,249.1999969,247.8788147,20347100
6/10/2022,247.9299927,250.3399963,246.0800018,246.7899933,245.4815979,20239900
7/10/2022,240.8999939,241.3200073,233.1699982,234.2400055,232.9981537,37769600
10/10/2022,233.0500031,234.5599976,226.7299957,229.25,228.0345917,29743600
11/10/2022,227.6199951,229.0599976,224.1100006,225.4100037,224.2149506,30474000
12/10/2022,225.3999939,227.8600006,223.9600067,225.75,224.5531464,21903900
13/10/2022,219.8500061,236.1000061,219.1300049,234.2400055,232.9981537,42551800
14/10/2022,235.5399933,237.2400055,228.3399963,228.5599976,227.3482513,30198600
17/10/2022,235.8200073,238.9600067,235.1399994,237.5299988,236.2707062,28142300
18/10/2022,243.2400055,243.9299927,235.3699951,238.5,237.2355499,26329600
19/10/2022,237.0399933,239.6100006,234.2899933,236.4799957,235.2262573,19985700
20/10/2022,235.7700043,241.3099976,234.8699951,236.1499939,234.8980103,21811000
21/10/2022,234.7400055,243,234.5,242.1199951,240.8363495,26299700
24/10/2022,243.7599945,247.8399963,241.3000031,247.25,245.9391632,24911200
25/10/2022,247.2599945,251.0399933,245.8300018,250.6600037,249.3310852,34775500
26/10/2022,231.1699982,238.3000031,230.0599976,231.3200073,230.0936279,82543200
27/10/2022,231.0399933,233.6900024,225.7799988,226.75,225.5478516,40424600
28/10/2022,226.2400055,236.6000061,226.0500031,235.8699951,234.6194916,40647700
31/10/2022,233.7599945,234.9199982,231.1499939,232.1300049,230.8993225,28357300
1/11/2022,234.6000061,235.7400055,227.3300018,228.1699982,226.9603271,30592300
2/11/2022,229.4600067,231.3000031,220.0399933,220.1000061,218.9331055,38407000
3/11/2022,220.0899963,220.4100037,213.9799957,214.25,213.1141205,36633900
4/11/2022,217.5500031,221.5899963,213.4299927,221.3899994,220.2162628,36789100
7/11/2022,221.9900055,228.4100037,221.2799988,227.8699951,226.661911,33498000
8/11/2022,228.6999969,231.6499939,225.8399963,228.8699951,227.6566162,28192500
9/11/2022,227.3699951,228.6300049,224.3300018,224.5099945,223.3197174,27852900
10/11/2022,235.4299927,243.3300018,235,242.9799957,241.691803,46268000
11/11/2022,242.9900055,247.9900055,241.9299927,247.1100006,245.7998962,34620200
14/11/2022,241.9900055,243.9100037,239.2100067,241.5500031,240.2693787,31123300
15/11/2022,245.6600037,247,240.0299988,241.9700012,240.6871643,31390100
16/11/2022,242.7899933,243.8000031,240.4199982,241.7299957,241.1260529,24093300
17/11/2022,237.7799988,243.25,237.6300049,241.6799927,241.0761719,23123500
18/11/2022,243.5099945,243.7400055,239.0299988,241.2200012,240.6173248,27613500
21/11/2022,241.4299927,244.6699982,241.1900024,242.0500031,241.4452515,26394700
22/11/2022,243.5899963,245.3099976,240.7100067,245.0299988,244.4178009,19665700
23/11/2022,245.1100006,248.2799988,244.2700043,247.5800018,246.961441,19508500
25/11/2022,247.3099976,248.6999969,246.7299957,247.4900055,246.8716583,9200800
28/11/2022,246.0800018,246.6499939,240.8000031,241.7599945,241.1559753,24778200
29/11/2022,241.3999939,242.7899933,238.2100067,240.3300018,239.7295532,17956300
30/11/2022,240.5700073,255.3300018,239.8600006,255.1399994,254.5025482,47594200
1/12/2022,253.8699951,256.1199951,250.9199982,254.6900024,254.0536652,26041500
2/12/2022,249.8200073,256.0599976,249.6900024,255.0200043,254.382843,21528500
5/12/2022,252.0099945,253.8200073,248.0599976,250.1999969,249.5748901,23435300
6/12/2022,250.8200073,251.8600006,243.7799988,245.1199951,244.5075684,22463700
7/12/2022,244.8300018,246.1600037,242.2100067,244.3699951,243.7594452,20481500
8/12/2022,244.8399963,248.7400055,243.0599976,247.3999939,246.7818756,22611800
9/12/2022,244.6999969,248.3099976,244.1600037,245.4199982,244.8068237,20609700
12/12/2022,247.4499969,252.5399933,247.1699982,252.5099945,251.8791046,30665100
13/12/2022,261.6900024,263.9200134,253.0700073,256.9200134,256.2781067,42196900
14/12/2022,257.1300049,262.5899963,254.3099976,257.2200012,256.5773621,35410900
15/12/2022,253.7200012,254.1999969,247.3399963,249.0099945,248.3878632,35560400
16/12/2022,248.5500031,249.8399963,243.5099945,244.6900024,244.0786591,86102000
19/12/2022,244.8600006,245.2100067,238.7100067,240.4499969,239.8492432,29696400
20/12/2022,239.3999939,242.9100037,238.4199982,241.8000031,241.1958771,25150800
21/12/2022,241.6900024,245.6199951,240.1100006,244.4299927,243.8192902,23690600
22/12/2022,241.2599945,241.9900055,233.8699951,238.1900024,237.5948944,28651700
23/12/2022,236.1100006,238.8699951,233.9400024,238.7299957,238.1335449,21207000
27/12/2022,238.6999969,238.9299927,235.8300018,236.9600067,236.367981,16688600
28/12/2022,236.8899994,239.7200012,234.1699982,234.5299988,233.9440308,17457100
29/12/2022,235.6499939,241.9199982,235.6499939,241.0099945,240.4078369,19770700
30/12/2022,238.2100067,239.9600067,236.6600037,239.8200073,239.2208252,21938500
3/1/2023,243.0800018,245.75,237.3999939,239.5800018,238.9814301,25740000
4/1/2023,232.2799988,232.8699951,225.9600067,229.1000061,228.5276184,50623400
5/1/2023,227.1999969,227.5500031,221.7599945,222.3099976,221.7545624,39585600
6/1/2023,223,225.7599945,219.3500061,224.9299927,224.3680115,43613600
9/1/2023,226.4499969,231.2400055,226.4100037,227.1199951,226.5525513,27369800
10/1/2023,227.7599945,231.3099976,227.3300018,228.8500061,228.2782288,27033900
11/1/2023,231.2899933,235.9499969,231.1100006,235.7700043,235.1809387,28669300
12/1/2023,235.2599945,239.8999939,233.5599976,238.5099945,237.914093,27269500
13/1/2023,237,239.3699951,234.9199982,239.2299957,238.6322937,21333300
17/1/2023,237.9700012,240.9100037,237.0899963,240.3500061,239.7495117,29831300
18/1/2023,241.5700073,242.3800049,235.5200043,235.8099976,235.2208405,30028700
19/1/2023,233.7799988,235.5200043,230.6799927,231.9299927,231.3505249,28623000
20/1/2023,234.8600006,240.7400055,234.5099945,240.2200012,239.6198273,35389800
23/1/2023,241.1000061,245.1699982,239.6499939,242.5800018,241.9739227,31934000
24/1/2023,242.5,243.9499969,240.4400024,242.0399933,241.4352722,40234400
25/1/2023,234.4799957,243.3000031,230.8999939,240.6100006,240.0088501,66526600
26/1/2023,243.6499939,248.3099976,242,248,247.3803864,33454500
27/1/2023,248.9900055,249.8300018,246.8300018,248.1600037,247.5399933,26498900
30/1/2023,244.5099945,245.6000061,242.1999969,242.7100067,242.1036072,25867400
31/1/2023,243.4499969,247.9499969,242.9499969,247.8099976,247.1908569,26541100
1/2/2023,248,255.1799927,245.4700012,252.75,252.118515,31259900
2/2/2023,258.8200073,264.6900024,257.25,264.6000061,263.9389038,39940400
3/2/2023,259.5400085,264.2000122,257.1000061,258.3500061,257.7045288,29077300
6/2/2023,257.4400024,258.2999878,254.7799988,256.769989,256.1284485,22518000
7/2/2023,260.5299988,268.769989,260.0799866,267.5599976,266.89151,50841400
8/2/2023,273.2000122,276.7600098,266.2099915,266.730011,266.0635986,54686000
9/2/2023,273.7999878,273.980011,262.7999878,263.6199951,262.9613647,42375100
10/2/2023,261.5299988,264.0899963,260.6600037,263.1000061,262.4426575,25818500
13/2/2023,267.6400146,274.6000061,267.1499939,271.3200073,270.6421204,44630900
14/2/2023,272.6700134,274.9700012,269.2799988,272.1700134,271.4900208,37047900
15/2/2023,268.3200073,270.730011,266.1799927,269.3200073,269.3200073,28922400
16/2/2023,264.019989,266.7399902,261.8999939,262.1499939,262.1499939,29603600
17/2/2023,259.3900146,260.0899963,256,258.0599976,258.0599976,30000100
21/2/2023,254.4799957,255.4900055,251.5899963,252.6699982,252.6699982,28397400
22/2/2023,254.0899963,254.3399963,250.3399963,251.5099945,251.5099945,22491100
23/2/2023,255.5599976,256.8399963,250.4799957,254.7700043,254.7700043,29219100
24/2/2023,249.9600067,251,248.1000061,249.2200012,249.2200012,24990900
27/2/2023,252.4600067,252.8200073,249.3899994,250.1600037,250.1600037,21190000
28/2/2023,249.0700073,251.4900055,248.7299957,249.4199982,249.4199982,22491000
1/3/2023,250.7599945,250.9299927,245.7899933,246.2700043,246.2700043,27565300
2/3/2023,246.5500031,251.3999939,245.6100006,251.1100006,251.1100006,24808200
3/3/2023,252.1900024,255.6199951,251.3899994,255.2899933,255.2899933,30760100
6/3/2023,256.4299927,260.1199951,255.9799957,256.8699951,256.8699951,24109800
7/3/2023,256.2999878,257.6900024,253.3899994,254.1499939,254.1499939,21473200
8/3/2023,254.0399933,254.5399933,250.8099976,253.6999969,253.6999969,17340200
9/3/2023,255.8200073,259.5599976,251.5800018,252.3200073,252.3200073,26653400
10/3/2023,251.0800018,252.7899933,247.6000061,248.5899963,248.5899963,28333900
13/3/2023,247.3999939,257.9100037,245.7299957,253.9199982,253.9199982,33339700
14/3/2023,256.75,261.0700073,255.8600006,260.7900085,260.7900085,33620300
15/3/2023,259.980011,266.480011,259.2099915,265.4400024,265.4400024,46028000
16/3/2023,265.2099915,276.5599976,263.2799988,276.2000122,276.2000122,54768800
17/3/2023,278.2600098,283.3299866,276.3200073,279.4299927,279.4299927,69527400
20/3/2023,276.980011,277.480011,269.8500061,272.230011,272.230011,43466600
21/3/2023,274.8800049,275,269.519989,273.7799988,273.7799988,34558700
22/3/2023,273.3999939,281.0400085,272.1799927,272.2900085,272.2900085,34873300
23/3/2023,277.9400024,281.0599976,275.2000122,277.6600037,277.6600037,36610900
24/3/2023,277.2399902,280.6300049,275.2799988,280.5700073,280.5700073,28172000
27/3/2023,280.5,281.4599915,275.519989,276.3800049,276.3800049,26840200
28/3/2023,275.7900085,276.1400146,272.0499878,275.230011,275.230011,21878600
29/3/2023,278.9599915,281.1400146,278.4100037,280.5100098,280.5100098,25087000
30/3/2023,284.230011,284.4599915,281.480011,284.0499878,284.0499878,25053400
31/3/2023,283.730011,289.269989,283,288.2999878,288.2999878,32740300
3/4/2023,286.519989,288.269989,283.9500122,287.230011,287.230011,24883300
4/4/2023,287.230011,290.4500122,285.6700134,287.1799927,287.1799927,25824300
5/4/2023,285.8500061,287.1499939,282.9200134,284.3399963,284.3399963,22064800
6/4/2023,283.2099915,292.0799866,282.0299988,291.6000061,291.6000061,29770300
10/4/2023,289.2099915,289.6000061,284.7099915,289.3900146,289.3900146,23103000
11/4/2023,285.75,285.980011,281.6400146,282.8299866,282.8299866,27276600
12/4/2023,284.7900085,287.0100098,281.9599915,283.4899902,283.4899902,27403400
13/4/2023,283.5899963,289.8999939,283.1700134,289.8399963,289.8399963,24222700
14/4/2023,287,288.480011,283.6900024,286.1400146,286.1400146,20973900
17/4/2023,289.9299927,291.6000061,286.1600037,288.7999878,288.7999878,23836200
18/4/2023,291.5700073,291.7600098,287.0100098,288.3699951,288.3699951,20161800
19/4/2023,285.9899902,289.0499878,284.5400085,288.4500122,288.4500122,17150300
20/4/2023,285.25,289.0299988,285.0799866,286.1099854,286.1099854,23244400
21/4/2023,285.0100098,286.269989,283.0599976,285.7600098,285.7600098,21665400
 ,,,,,,